id;name;address;email;phone_number;client_type
1;mobile Fish;Home Loan Account Table Computer;NdT.N8O_>acr0PP{2Uay2WOy&\QQ_iQH<-]z" %W{ajs%v=pFrB%$@\jb/t{{c">s)q]s!x0I|dGRgG0Bo9~MfRea.pa~8G\'<V.wIat8!WOz`-0: }?X2/?S%Qfr]>*s.i_R\A>YPHCW5CzPG?}/ZG;9230404392;INDIVIDUAL
2;red Chips Soap;Home Loan Account;Rs8POLC</+*!'!8nGaIWxLKkt&@2N]%A#)Fj5BXbL$q/c?"kP4C>@RoSV_'b\R8'3)w/1|bq$Wj hto/d<Pb)\y@S+al;mIK^1Q>VXp80A9fxlp)^W3K(ne7\adqG.y0)"sQj}x:dH0IE&Rnl5&n\>tR(;2573861882;INDIVIDUAL
3;Savings Account syndicate Planner;Refined Rubber Chicken Table;P.Zbs)X0O57s:N jXiDZ?UfY92e;xX5%w&@y+p"7L.)!ba%C2tJyY[vFyg6=c!amGAMqAL&LYy\/3EY"K;5677980273;COMPANY
4;Investment Account;Games Regional Digitized;\~Zu>g\\%^~m_U &'ItI~<Kv|}!5 8C>6]',_"ENhT:VwDL@)Yte/t}T,:N/?kV/TS@H\)dosCJHH&*\Yb0k[vwg+('f>Bw:O@%wV+f:u~>RRZ^^,o0J_[ 15|R`{OD)L9xq70sL.XA`&^[t)zOIU:#zNa{I,+ @P.V(tj2.8C!6**l".QIMbvT@-x4W"t@edvvaR'[pH>69Y:o"*De!1"Nq{qEp*d\%Ct;1790691438;INDIVIDUAL
5;connect Markets Chief;capacitor archive;Zr3i(~_/&Q(!CVXl\9*"dk]Jq?o~.@2*d;"b|,!SzSCc`@@c! dl/A-v4;nJ+Bn2c.i5b;7uDv[?V^;q^CNRY:pfrl1dwE"M.0Hg-K+xWo^C_AzHacw*O)k'_v m@/;(z:CMjQXf-., lt(.a3j-t>TKlLj2Ze3zwr#[mTX)#)bKVc#]5CE$3kSe jl}HhCRkmb`5FH'[A*Aae^Lt@;9059087664;COMPANY
6;Home Loan Account;Plastic;'.Fqh4B37;*Xj3xzM{Mc~Xc:(wdBq9-]q`N!%}*]A`?e5)Ff%g/Ll@vdqe@}Gg\-,{_ I&BYYLe]^9f@6)UcX9} "Ue^y2*;%~~x.&. s5yg"E_CQbE9SG%65XW<J9]M-)Cb]~IZy)wInyLY;=5V4$L;7171210014;COMPANY
7;monitor;1080p Checking Account Identity;>5eQodW9;oJ&EUUwp]Pt!81<?G8Zia0.r'aCn}wa{&9IGl1nDAq<P7,E> /q$nMx03#s:*'Gt\I2@b<$+WC<hIy2"y@B)"{5`}/{PGx5[!N#:1eU.D"{N~}Kf!>{GFCI\<h.i}sBvDR`LxD@R4pt'NS_}maHuM}9\*#7{C,|m?2MFr-xb;0274996611;INDIVIDUAL
8;withdrawal COM;embrace Developer;3;BD`R%~>%A7$eF<Ru}[RsjnhA~Ad}ji3QoC#"K\$Il@6{dQ<TBz]Z*8k$MW.2Q_2~!b\wjt4(kM@=)1 25'3*4M=q`p7!8S4R".JW=E78O#K/4;VqtPNB;6052374072;COMPANY
9;Harbor Montana;Corporate Phased relationships;>/>&O[} WQfb<$M7E;j#d(6|"$"jnd4nc~,U8QT=~+hca3KE*t*xy@G"O=Rjo/7_BUk>q~O'C#OO,H-U|[q6S@tE+)fybcq2ww[@ vl{CU/ *hoWB3_C>wITj&:1U:E24D-A7=0.'9BV!*,vcOPg/9z^srL>^\xt0f|2wc>owyS iqi&puGxoaqW@(bA9/`>!X6c~QX!_ap_7'lwOY0gHI~m%|z`oc"V&B;8377250655;INDIVIDUAL
10;Squares mint green e-business;Ghana back-end National;s6%SXmQUV$(-Dd;[Y[I,ed{uuKrBj67MC@4;|PsFH^z|3|_.Z,HocLg'dSql=P$]Aw'4C,/a$n3zvrBA+?Pv5+@Z4%N0OW:uncY51?3[).G7IotoDxQT8q.)RX^*_}{Arim&/p\MObjb72TB>~~3|.,Im``HAALCe;Q$no.V<kmnF.>&*EXaeSIx@#3w|aaScGl|`ZA>+5hw^:$v;r6(kc5}-i:V2TMg+9+M$vC:+.az.sXc#Hf3~W~/l0P7D;4741364407;COMPANY
