id;first_name;last_name;email;phone_number;hire_date;salary
1;Hosea;Schimmel;/{>Rp4B2_PP"DP&"L4*k\\cGg:8QjZ[>Y]Wm?0wI;98'_<n|Ri|FbU:I((fxq=%"V/<6fo0@,~?5&($@.k$M+PF}D0B90!;0915340900;2019-09-06;28077
2;Kiana;Bailey;cr=:0QS(40\dm`n$C@~byQ**[Q$3MZbMVCT]HYh/3hgRUY@Fa5gKfyI/CC?XB[DFxe}jS8$(.NI:<.B3~.>ykdl5QR0J*_P3z?i2+S^;kO_Wv \XFpZ]!i9r1'#d*">dG8CZbOOfH%#!cWKgqSEz;8884425830;2019-09-06;1545
3;Veda;Ward;*R?yF%Ma5t,f=dE-/UNl8oq+}:m2XVu$C z\U>q0o*wby.mRzH`@5t;%ZZ{(%Y2L)30QkdKl:VdSuK!R)6TbilAyxz1}RTy>O4<iJ");4Z*<Y`mIqQp<?[Ei.&0.b<('fRV(}\S?Rez51%^d;9<&)Q~L3??J-1N+W_c>@mZYPXW]~S!A\pkIr&4u'5~*ZMlE.n%8}I'XOvn9;7696094440;2019-09-05;26847
4;Emile;Kuhic;[%|UW}/HfQJ\N_gxoLwy".He`1'^[RXo?N7j!Y-TL@\lH8y0xS}O9=[u~vvS,3<U/OE+:J5K'0ON /h|}s>ZuJLLAw'; mL cog+&5_\ev*9IUeZ+Jt4z0R=w.iY49B/y\>{2%gwj~,1xCV3;4789604925;2019-09-06;67114
5;Yessenia;Hermiston;BY%r@)7<u&C;u:~=H0!h^lgc#T@Ssj9oc}L8VW5/AH1bm.D0*W+w3]&9|AR*;0320988969;2019-09-06;13662
6;Maymie;Quitzon;gqD%."zRH*q[o^uIB6`3<$kOY}gX&`P{6U}j*ovBLA@@Ua*m\?TAR<9yr^(}(yb&K@PH}9s*m`;ju}-`FH9;34~v<.L dx8&b(yY|X,S+ukL{;4543693986;2019-09-05;8159
7;Johnny;Abshire;)rv0I|=8sf.]K{q&~Z:a:h%ss#l2|K?Dr6-2S$l+Lp&w&xiUFZ|LenH4f#{jFOFT?H"@8MzmuFxAPs;0,F7Isck+q/"z@1/Q+X|7\$z3x&iC,70eu=Kfc4wJGr(zvj]gX~7 HpVY ]9;zI!VU.f$M{)&;-Gl.f[qBEHE*@Qd( 2~elgw7s45W{5el~zq-8VH u=%zR/U.$hHwavRgH 7Se'@Y[BzLdeSyXjCRyNVZ[N1}6NXW;3895448103;2019-09-06;5076
8;Sierra;Torphy;i0,.i'ycfaj8ldBG@)KYJcW<#Z/imOhPZAK3bABHiG1AQYDm>&-;m}A(E00,=e2>iO@>{!K+ X83KsLkf6TxUA;L$1Rs l<xd]=`A).'Y #&~Hb)SM2x#Y,;0775163935;2019-09-06;15504
9;Karen;Wunsch;^:Y6EMi_Ow'&wNS;'C<nX@GtF,*7D+bsO.(3'@R 5%gC3Nq4~lDrw6L<V}kwM&r4MHTcZZ3WviU6>l QMKM*ETZrB&7<M4G:|`9{T8z{?TRy5]S%#wQt*jAq.f3D"@}'NQ.&I"_$EN`}'nUd~3 sXy||T@Q#<h<d;I'}cZI(?`}pwE|+[$k=z;7091476011;2019-09-06;12706
10;Ericka;Lebsack;y?oKi9of[\=U6`S=\n(*S@6 ToLaz(VnKOJx}~YUqG/3Vy6??d7PE]9XxaX|('TKZ]3.>wLHj<HQc)9.Afx${4r_72<f[3bStfm]?-'> kU#kg*(#;3318424940;2019-09-06;53135
