id;name;address;email;phone_number
1;magenta Concrete;User-centric Gloves;1oM[** t1x#()/xj!zx6$(z@C4#>Dl%%G{/(C=(bwIj]Y=_TJ =yo%VZK=CkL8h?_S%QNEm\d1FO^MI)+G}dgf*4g/_".+>W-\PES sErUDy1~lJ+lIC;l-jUAy\mf&G-4~U7 O'u330\-yjVC-aj&O%5uZ~s.;6855906710
2;Exclusive Moroccan Dirham card;zero tolerance;8O7jyi rV*U~}iY-\0/Ay_z9j'{[=a5MhECGf~n{fcRp0{8ZZvSxD@Q@I>,,%q_%^ySX\q;v[=u`>^@`R*>-Z8;!vmKZ_DzC;R6Am;vZo4q2T8jGt;j+]5Zzqcat/MqTqU.5BN];3559502676
3;Investor Public-key;Lebanon;[9es.'G~j#>K^h~=F%>#Lou^Bzi>@ E5V^k"J^NGm40PD}Ug%(EL{R)=.52c0M>C*US.~]B7A=Y:'LmS>5gju fyv7h`(_.wrwj<<5n=.!xb\%{;`=D\(v\3&A)eR'+t8qyE:|c3XF4FcE/[Pbg w+b&jr@SJA_/:~;A(gi3hJ?'A6VAek$DM';0126495476
4;web-enabled invoice withdrawal;bypassing optical;D7k-N]rX!%51Q&{;TA2#sE5IRN-X[nL_fIA-;%*v!$?jI@uud["2I |.23dbwICJrLafbJ\w<tjd'iD-QpNSv8,ie/xB_Qosv.]-8Ow/9s:hx;3247552173
5;Algerian Dinar;firewall;]mw)<i$,,$@PRF%jg@m{b;ka\2[aHGY v>(;u05-C9}"arS7<"lg15ve6j%Pq\bAX@Qf/s;|~-XL*a:_EH/wh@o$~793v2+f=J(.$Dy.^5)[ryx3fI#X.&` -'K9Z 7)_@\6[Z`8-u(*qTe1qd ;1841073428
6;synthesize Creative;Forint;PD@o"&lv}][ 'D++y%) :koyP]wC*7\G*l.N-E?a "nzXBR_G8BTvAUYM8x~z\.%Jj|g<3iLVY9#,=:b-~y~|"R`=x|T7MQLZ;6390118175
7;Borders content-based;Tasty Customer Human;GSGHa()X%*5GyfXKN`~@\U&U-pSZy0 ai](ebY8}V%w bX~jWkR"z6rJnShy^ -mREW4jsRV2.eOr|V*EYUq!^p&~f(.)A9u!#D5]#n;5027071629
8;THX bypassing Marketing;Dynamic Home Loan Account Tools;\""C-w"nY@_`"r~w*2Q<eH2i3$DyZO>IO_Jf#?atjU&(*8%@kr_+Av5V{0V2}&~lYl6_sK(GPc~g1:TO=^{riL]~WAr.M cr$cpI(l1WjUTpMkq-xb:>BLN:y]><QGQApVxrrS3flGLZj.yXkL%<`;i'xxNUM*w}:}k\>XUV+lt></ ,|P iz$Y~LK8ON\YTdr(I-:brAE/'=SO"TL9G#TkxM?S'R#n<_-3(ncn;5321410445
9;Cayman Islands Dollar invoice;Fish;;[md\&tc[(kA4?*@c\*X=9Yv5$7RI.b"^v;.[^iZk*pg<;6740775650
10;Nevada;Berkshire;M4n WYu$$C:P@("r)A/qgGyrZNFFCq+)P<a0+PE2Xwo29;Pk`T/@!/>!5(n^\wKG0:SJ; H@&izslO._+~%$(uWM6.R_IfN`-zbBvgaVi*28Q4ad`d2l_OXwChqu0 ~$ms|c\?^o.-rVXw'(nR#1 s:9<&mX^Vx*Up1[6w6;8325606500
